"HITId","HITTypeId","Title","Description","Keywords","Reward","CreationTime","MaxAssignments","RequesterAnnotation","AssignmentDurationInSeconds","AutoApprovalDelayInSeconds","Expiration","NumberOfSimilarHITs","LifetimeInSeconds","AssignmentId","WorkerId","AssignmentStatus","AcceptTime","SubmitTime","AutoApprovalTime","ApprovalTime","RejectionTime","RequesterFeedback","WorkTimeInSeconds","LifetimeApprovalRate","Last30DaysApprovalRate","Last7DaysApprovalRate","Input.imgPath","Input.generated","Input.generated_baseline","Input.generated_untemplated","Input.gold","Input.titles","Answer.explanation1","Answer.explanation2","Answer.explanation3","Answer.explanation4","Answer.no0.0","Answer.option1a.1","Answer.option1b.1","Answer.option1c.1","Answer.option1d.1","Answer.option2a.2","Answer.option2b.2","Answer.option2c.2","Answer.option2d.2","Answer.option3a.3","Answer.option3b.3","Answer.option3c.3","Answer.option3d.3","Answer.option4a.4","Answer.option4b.4","Answer.option4c.4","Answer.option4d.4","Answer.option5a.5","Answer.option5b.5","Answer.option5c.5","Answer.option5d.5","Answer.other0.3","Answer.otherText0","Answer.partial0.2","Answer.yes0.1","Approve","Reject"
"3ABAOCJ4R8B7WV67NBLSA9UHYLPMQ9","3EH3OJYIRZ5ZTNWNBAIXZJVBAX7YAA","Evaluate the quality of a summary for a chart","A short survey to evaluate the quality of a summary for a chart","survey, chart, summary, evaluation, machine learning, nlp, ml, ai, artificial intelligence","$0.08","Wed Aug 26 09:33:56 PDT 2020","1","BatchId:4164691;OriginalHitTemplateId:928390912;","3600","604800","Wed Sep 02 09:33:56 PDT 2020","","","39OWYR0EPLZDM736I03AHP9WCGQYFF","A23BGNP50WTKI2","Submitted","Wed Aug 26 10:36:00 PDT 2020","Wed Aug 26 10:40:06 PDT 2020","Wed Sep 02 10:40:06 PDT 2020","","","","246","100% (2/2)","100% (2/2)","100% (2/2)","https://chart2text.s3.amazonaws.com/846.png","The statistic shows the Nintendo DS selling DS titles worldwide as of 2019 . With 30.8 million units sold worldwide , New Super Mario Bros. 7 was the Top selling Nintendo DS DS game as of 2019 .","This bar chart has 10 categories for the x axis representing Month, and a y axis representing Sales in million units. The highest category is found at New Super Mario Bros. where Sales in million units is 30.8. The lowest category is found at Super Mario 64 DS where Sales in million units is 11.06.","This statistic shows the top selling nintendo switch titles worldwide as of 2019 . With 19.01 million units sold , mario kart 8 deluxe was the top selling nintendo switch game as of 2019 .","This statistic shows the top selling Nintendo DS titles worldwide . With 30.8 million units sold , New Super Mario Bros. was the top selling Nintendo DS game as of September 2019 .","Top selling Nintendo DS games worldwide in 2019","it's correct","it's correct","it's correct","it's correct","false","false","false","false","false","false","false","false","false","false","false","false","false","true","true","true","true","false","false","false","false","false","mistake in X axis meaning","true","false"
"37OPIVELUUATH1YF7I8TS47GDH4HAO","3EH3OJYIRZ5ZTNWNBAIXZJVBAX7YAA","Evaluate the quality of a summary for a chart","A short survey to evaluate the quality of a summary for a chart","survey, chart, summary, evaluation, machine learning, nlp, ml, ai, artificial intelligence","$0.08","Wed Aug 26 09:33:56 PDT 2020","1","BatchId:4164691;OriginalHitTemplateId:928390912;","3600","604800","Wed Sep 02 09:33:56 PDT 2020","","","3R3YRB5GRGB1972TXJKT03SSJEWUAY","A23BGNP50WTKI2","Submitted","Wed Aug 26 13:46:34 PDT 2020","Wed Aug 26 13:47:19 PDT 2020","Wed Sep 02 13:47:19 PDT 2020","","","","45","100% (2/2)","100% (2/2)","100% (2/2)","https://chart2text.s3.amazonaws.com/421.png","The statistic shows the U.S. Number in 2018 , by main type . In 2018 , the U.S. Number amounted to over 1206836 million crimes .","This bar chart has 9 categories for the x axis representing Type of crime, and a y axis representing Number of committed crimes. The highest category is found at Property crime  (total) where Number of committed crimes is 7196045.0. The lowest category is found at Murder and nonnegligent manslaughter where Number of committed crimes is 16214.0.","This statistic shows the most expensive prescription drugs in the united in 2013 , by type . In that year , there were a total of 114.7 billion u.s. dollars , followed by newport with 34.9 billion u.s. dollars .","This statistic shows the number of committed crimes in the United States in 2018 , by type of crime . In 2018 , the FBI recorded 139,380 cases of rape .","Number of committed crimes , by type U.S. 2018","all is correct","all is correct","all is correct","all is correct","false","false","false","false","false","false","false","false","false","false","false","false","false","false","false","false","false","true","true","true","true","false","all is correct","false","true"
"37VE3DA4YUOY0B37DW8PNFRMVZPHBJ","3EH3OJYIRZ5ZTNWNBAIXZJVBAX7YAA","Evaluate the quality of a summary for a chart","A short survey to evaluate the quality of a summary for a chart","survey, chart, summary, evaluation, machine learning, nlp, ml, ai, artificial intelligence","$0.08","Wed Aug 26 09:33:56 PDT 2020","1","BatchId:4164691;OriginalHitTemplateId:928390912;","3600","604800","Wed Sep 02 09:33:56 PDT 2020","","","3B1NLC6UG04PRT702XD9MJGW9SGPG8","A23BGNP50WTKI2","Submitted","Wed Aug 26 13:42:37 PDT 2020","Wed Aug 26 13:43:20 PDT 2020","Wed Sep 02 13:43:20 PDT 2020","","","","43","100% (2/2)","100% (2/2)","100% (2/2)","https://chart2text.s3.amazonaws.com/180.png","This statistic shows the Share of adults in the ownership adults were using 2008 2019 . During the 2019 survey period , 73 % of respondents stated that they had adults accessed January 2018 , either via desktop or mobile internet connection .","This bar chart has 9 categories for the x axis representing Month, and a y axis representing Share of U.S. adults. The highest category is found at November 2016 where Share of U.S. adults is 78.0. The lowest category is found at January 2018 where Share of U.S. adults is 73.0.","This statistic shows the share of adults in the united who were ever using selected social networks . During the 2019 survey period , 69 percent of respondents stated that they had ever accessed facebook , either via desktop or mobile internet connection .","The statistic shows the penetration rate of desktop and laptop computers among adults in the United States between 2008 and 2019 . As of February 2019 , 74 percent of Americans owned a desktop or laptop computer .","Desktop/laptop ownership among U.S. adults 2008 to 2019","all is correct","all is correct","all is correct","all is correct","false","false","false","false","false","false","false","false","false","false","false","false","false","false","false","false","false","true","true","true","true","false","all is correct","false","true"
"3EKZL9T8Y8THAGVDRW4KYZX4DKPHCQ","3EH3OJYIRZ5ZTNWNBAIXZJVBAX7YAA","Evaluate the quality of a summary for a chart","A short survey to evaluate the quality of a summary for a chart","survey, chart, summary, evaluation, machine learning, nlp, ml, ai, artificial intelligence","$0.08","Wed Aug 26 09:33:56 PDT 2020","1","BatchId:4164691;OriginalHitTemplateId:928390912;","3600","604800","Wed Sep 02 09:33:56 PDT 2020","","","3NPI0JQDAPDTWYT6MXCGL2VLZLLTPG","A23BGNP50WTKI2","Submitted","Wed Aug 26 11:43:40 PDT 2020","Wed Aug 26 11:44:45 PDT 2020","Wed Sep 02 11:44:45 PDT 2020","","","","65","100% (2/2)","100% (2/2)","100% (2/2)","https://chart2text.s3.amazonaws.com/513.png","The statistic shows the 20 Countries lowest the national debt in relation to GDP in 2019 . In 2019 , Hong Kong SAR ranked first among the Countries lowest the national debt levels ; it had an estimated debt of around 22.62 % of GDP.Japanese National debt , also known as national and government debt , is the debt owed by a nation 's central government . However , as a government draws in much of its income from its population , government debt is an indirect debt on taxpayers .","This bar chart has 20 categories for the x axis representing Country, and a y axis representing National debt in relation to GDP. The highest category is found at Kiribati where National debt in relation to GDP is 22.62. The lowest category is found at Hong Kong SAR where National debt in relation to GDP is 0.0.","This statistic shows the 20 countries with the highest employment in the travel and tourism industry worldwide in 2017 . According to the World travel & tourism Council , around 5.44 million people were employed in the U.S. travel and tourism industry .","The statistic shows the 20 countries with the lowest national debt in 2019 in relation to the gross domestic product ( GDP ) . The data refer to the debts of the entire state , including the central government , the provinces , municipalities , local authorities and social insurance . In 2019 , Russia 's estimated level of national debt reached about 16.49 percent of the GDP , ranking 10th of the countries with the lowest national debt .","Countries with the lowest national debt 2019","all is correct","all is correct","all is correct","all is correct","false","false","false","false","false","false","false","false","false","false","false","false","false","false","false","false","false","true","true","true","true","false","all is correct","false","true"
"3X2LT8FDHWPXV30P5JAFXGB82HHW8Z","3EH3OJYIRZ5ZTNWNBAIXZJVBAX7YAA","Evaluate the quality of a summary for a chart","A short survey to evaluate the quality of a summary for a chart","survey, chart, summary, evaluation, machine learning, nlp, ml, ai, artificial intelligence","$0.08","Wed Aug 26 09:33:56 PDT 2020","1","BatchId:4164691;OriginalHitTemplateId:928390912;","3600","604800","Wed Sep 02 09:33:56 PDT 2020","","","31QTRG6Q2ULPDKS0W3ZFTJN0EN4PY2","A23BGNP50WTKI2","Submitted","Wed Aug 26 11:46:22 PDT 2020","Wed Aug 26 11:47:14 PDT 2020","Wed Sep 02 11:47:14 PDT 2020","","","","52","100% (2/2)","100% (2/2)","100% (2/2)","https://chart2text.s3.amazonaws.com/953.png","The statistic shows the Average of the player age in European Union member states and other selected European countries in 2018 , in years . Among these 33 countries Costa Rica has the longest player age in participating at 29.6 years . Average player age of the 2018 World Cup squads - additional information There were a total of 736 players across 32 teams in the World Cup , picked from domestic leagues in 52 countries .","This bar chart has 32 categories for the x axis representing Country, and a y axis representing Average player age in years. The highest category is found at Costa Rica where Average player age in years is 29.6. The lowest category is found at Nigeria where Average player age in years is 25.9.","The statistic shows a ranking of the participating national teams at the 2014 FIFA world cup in brazil by average age of players . The average age of the germany squad for the world cup in brazil is 26.3 years . average player age of the 2014 world cup squads - additional information There were a total of 736 players across 32 teams in the world cup , picked from domestic leagues in 52 countries .","While Costa Rica might have crashed out of the 2018 World Cup in the first round having finished bottom of their group , they were able to claim the title of the oldest average team . Their squad had an average age of 29.6 years , almost four years older than the squad of Nigeria , who had the youngest squad at the tournament . France 's stars bring home the trophyFrance 's squad was full of superstars such as Kylian Mbappé , Paul Pogba , and Antoine Griezmann , making it the most expensive squad assembled at the 2018 World Cup .","Average player age of participating national teams at the 2018 World Cup in Russia","all is correct","all is correct","all is correct","all is correct","false","false","false","false","false","false","false","false","false","false","false","false","false","false","false","false","false","true","true","true","true","false","all is correct","false","true"
"3OB6JN3A9QW78WL70QASFZ4MU7RMRA","3EH3OJYIRZ5ZTNWNBAIXZJVBAX7YAA","Evaluate the quality of a summary for a chart","A short survey to evaluate the quality of a summary for a chart","survey, chart, summary, evaluation, machine learning, nlp, ml, ai, artificial intelligence","$0.08","Wed Aug 26 09:33:56 PDT 2020","1","BatchId:4164691;OriginalHitTemplateId:928390912;","3600","604800","Wed Sep 02 09:33:56 PDT 2020","","","3LUY3GC63086Y0WZ9U9FG633AOY7PM","A23BGNP50WTKI2","Submitted","Wed Aug 26 11:53:14 PDT 2020","Wed Aug 26 11:53:57 PDT 2020","Wed Sep 02 11:53:57 PDT 2020","","","","43","100% (2/2)","100% (2/2)","100% (2/2)","https://chart2text.s3.amazonaws.com/567.png","This statistic shows Religious diversity in the North North America in 2010 , by share of Religious population . In 2010 , around 77 percentage of population , in North countries , identified as Hindu .","This bar chart has 7 categories for the x axis representing Religion, and a y axis representing Percentage of population. The highest category is found at Christians where Percentage of population is 77.0. The lowest category is found at Muslims where Percentage of population is 1.0.","This statistic shows religious diversity in the asia-pacific region in 2010 , by share of religious population . In 2010 , around 25 percent of population , in asia-pacific countries , identified as Hindu .","This statistic shows religious diversity in North America in 2010 , by share of religious population . In 2010 , about 77 percent of population were Christians .","Religious diversity in North America in 2010 , by religion","all is correct","all is correct","all is correct","all is correct","false","false","false","false","false","false","false","false","false","false","false","false","false","false","false","false","false","true","true","true","true","false","all is correct","false","true"
"3O71U79SRBWJ9BLKFFAX599IG9AMSY","3EH3OJYIRZ5ZTNWNBAIXZJVBAX7YAA","Evaluate the quality of a summary for a chart","A short survey to evaluate the quality of a summary for a chart","survey, chart, summary, evaluation, machine learning, nlp, ml, ai, artificial intelligence","$0.08","Wed Aug 26 09:33:56 PDT 2020","1","BatchId:4164691;OriginalHitTemplateId:928390912;","3600","604800","Wed Sep 02 09:33:56 PDT 2020","","","3IQ1VMJRYUS3PFEQZ8P2475E6R5A92","A2E7K2Z8VZR7B8","Submitted","Wed Aug 26 11:07:46 PDT 2020","Wed Aug 26 11:09:59 PDT 2020","Wed Sep 02 11:09:59 PDT 2020","","","","133","100% (1/1)","100% (1/1)","100% (1/1)","https://chart2text.s3.amazonaws.com/64.png","The Dallas Cowboys have the highest fans Facebook millions during the 2019 of the National Football League . The franchise has an impressive win millions of 8.58 millions . On the other end of the spectrum , the Jacksonville Jaguars Pittsburgh Steelers find themselves in last place with a 2019 win millions of just 0.63 millions .","This bar chart has 32 categories for the x axis representing Team, and a y axis representing Facebook fans in millions. The highest category is found at Dallas Cowboys where Facebook fans in millions is 8.58. The lowest category is found at Jacksonville Jaguars where Facebook fans in millions is 0.63.","The dallas cowboys have the highest all-time winning percentage during the regular season of the National Football League . The franchise has an impressive win percentage of 57.3 percent . On the other end of the spectrum , the tampa bay buccaneers find themselves in last place with a regular season win percentage of just 38.5 percent .","With 8.58 million fans , the Dallas Cowboys have the most followed National Football League team account on Facebook . Second on the list are the New England Patriots , six-time winners of the Super Bowl . NFL on social media While the Cowboys lead the way on Facebook , over on Twitter , the New England Patriots have the largest following , while The Jacksonville Jaguars are bringing up the rear with the lowest amount of followers on the social media site .","NFL teams - number of Facebook fans 2019","Hard to read and too big","No problems with the grammar","Too many mathematical therms for such an easy graph to understand","Informative but the graph overall is pretty much self-explanatory","false","false","false","false","false","false","false","false","false","false","false","true","false","true","true","false","true","false","false","false","false","false","All facts are shown","false","true"
"3QMELQS6Y5I5JT0FDA3BQ37047CR65","3EH3OJYIRZ5ZTNWNBAIXZJVBAX7YAA","Evaluate the quality of a summary for a chart","A short survey to evaluate the quality of a summary for a chart","survey, chart, summary, evaluation, machine learning, nlp, ml, ai, artificial intelligence","$0.08","Wed Aug 26 09:33:56 PDT 2020","1","BatchId:4164691;OriginalHitTemplateId:928390912;","3600","604800","Wed Sep 02 09:33:56 PDT 2020","","","3FE2ERCCZYGDJ6OYQGQHRSPY0DDPOZ","A23BGNP50WTKI2","Submitted","Wed Aug 26 12:08:49 PDT 2020","Wed Aug 26 12:09:44 PDT 2020","Wed Sep 02 12:09:44 PDT 2020","","","","55","100% (2/2)","100% (2/2)","100% (2/2)","https://chart2text.s3.amazonaws.com/325.png","The statistic shows the share of members different etnicities or races within the worth in the entrepreneurs . The term worth refers to the age group 's to wealthiest here . In 2016 , 21.9 billion of the worth in the entrepreneurs were Ma Huateng (Tencent) Whites .","This bar chart has 5 categories for the x axis representing Entrepreneur (company), and a y axis representing Net worth in billion U.S. dollars. The highest category is found at Ma Huateng (Tencent) where Net worth in billion U.S. dollars is 21.9. The lowest category is found at Kim Jung-Ju (Nexon) where Net worth in billion U.S. dollars is 3.5.","This statistic presents the average value of transaction per day in the united kingdom ( uk ) in 2015 , by type . In 2016 , nuisance attacks was the largest paying wealth in the u.s. , with an average value of 680 u.s. dollars .","The graph shows the estimated net worth of the wealthiest entrepreneurs in the video game industry worldwide as of July 2016 . According to the source , Ma Huateng , the founder and chairman as well as CEO of Tencent , was worth 21.9 billion U.S. dollars in the measured period . Overall , Tencent reported 70.84 billion Chinese yuan revenue from its online games in 2016 .","Video game industry 's wealthiest entrepreneurs 2016","all is correct","correct","all is correct","all is correct","false","false","false","false","false","false","false","false","false","false","false","false","false","false","true","false","false","true","false","true","true","false","all is correct","false","true"
"3EGKVCRQFWZKM6TWNWCD9FMPLV2BYC","3EH3OJYIRZ5ZTNWNBAIXZJVBAX7YAA","Evaluate the quality of a summary for a chart","A short survey to evaluate the quality of a summary for a chart","survey, chart, summary, evaluation, machine learning, nlp, ml, ai, artificial intelligence","$0.08","Wed Aug 26 09:33:56 PDT 2020","1","BatchId:4164691;OriginalHitTemplateId:928390912;","3600","604800","Wed Sep 02 09:33:56 PDT 2020","","","3XC1O3LBOTU35DE8U5J94LM1UAXLTL","A23BGNP50WTKI2","Submitted","Wed Aug 26 10:42:36 PDT 2020","Wed Aug 26 10:43:42 PDT 2020","Wed Sep 02 10:43:42 PDT 2020","","","","66","100% (2/2)","100% (2/2)","100% (2/2)","https://chart2text.s3.amazonaws.com/638.png","This statistic illustrates the Export volume of Global pork in exports 2020 by in 2020 . That year , United States accounted for some 3221 thousand of the world 's exports 2020 by and was ranked second . exports 2020 by Country In 2020 , EU topped the ranking of the largest exports 2020 producing pork worldwide .","This bar chart has 7 categories for the x axis representing Country, and a y axis representing Export volume in thousand metric tons. The highest category is found at EU where Export volume in thousand metric tons is 3900.0. The lowest category is found at China where Export volume in thousand metric tons is 100.0.","This statistic provides a projection of the engineering , procurement , and construction ( epc ) market value at the end of 2019 , broken down by world region . by the end of that year , western europe 's epc market is expected to reach a value of 1.62 trillion u.s. dollars .","This statistic depicts the forecast export volume of pork worldwide in 2020 , by leading country . The estimated pork exports of the United States were amounted to approximately 3.22 million metric tons in 2020 .","Global pork exports 2020 , by country","all is correct","all is correct","all is correct","all is correct","false","false","false","false","false","false","false","false","false","false","false","false","false","false","false","false","false","true","true","true","true","false","all is correct","false","true"
"39O0SQZVJNEONTEKWK83WH7WZIWR74","3EH3OJYIRZ5ZTNWNBAIXZJVBAX7YAA","Evaluate the quality of a summary for a chart","A short survey to evaluate the quality of a summary for a chart","survey, chart, summary, evaluation, machine learning, nlp, ml, ai, artificial intelligence","$0.08","Wed Aug 26 09:33:56 PDT 2020","1","BatchId:4164691;OriginalHitTemplateId:928390912;","3600","604800","Wed Sep 02 09:33:56 PDT 2020","","","33PPUNGG39DAUNIK5H5NCLWHLY8ZR5","A23BGNP50WTKI2","Submitted","Wed Aug 26 10:43:43 PDT 2020","Wed Aug 26 10:44:51 PDT 2020","Wed Sep 02 10:44:51 PDT 2020","","","","68","100% (2/2)","100% (2/2)","100% (2/2)","https://chart2text.s3.amazonaws.com/1006.png","The statistic presents results of a survey about whether Italy adults have ever knowingly or unknowingly shared fake gay or information marriage as of 2019 . It I don´t know In favor that 8 % of respondents admitted to Public a gay story marriage which they I don´t know made , and 40 % of surveyed adults had shared gay which they In favor out to be false .","This bar chart has 3 categories for the x axis representing Response, and a y axis representing Share of respondents. The highest category is found at Against where Share of respondents is 52.0. The lowest category is found at I don´t know where Share of respondents is 8.0.","This statistic shows the results of a survey , conducted in 2013 , among adult Americans on the frequency of having dinner at home as a family . In 2013 , 53 percent of the respondents answered that their family eat dinner together at home on 6 to 7 nights a week .","The statistic illustrates the public opinion on gay marriage among Italians in 2016 . According to the data , more than half of Italian adults were against same-sex marriage ( 52 percent ) . Italy recognized same-sex civil unions ( not marriage ) in June 2016 , granting to same-sex couples most of the rights of marriage except parenting ( stepchild or joint adoption ) .","Public opinions on gay marriage in Italy 2016","all is correct","all is correct","all is correct","all is correct","false","false","false","false","false","false","false","false","false","false","false","false","false","true","true","true","true","false","false","false","false","false","all is correct","false","true"
"3WPCIUYH1AFHKHSMRMGKWOIA9EWTDC","3EH3OJYIRZ5ZTNWNBAIXZJVBAX7YAA","Evaluate the quality of a summary for a chart","A short survey to evaluate the quality of a summary for a chart","survey, chart, summary, evaluation, machine learning, nlp, ml, ai, artificial intelligence","$0.08","Wed Aug 26 09:33:56 PDT 2020","1","BatchId:4164691;OriginalHitTemplateId:928390912;","3600","604800","Wed Sep 02 09:33:56 PDT 2020","","","3B2X28YI3XNLQ6HK7FMMF8YIY9RB6Y","A23BGNP50WTKI2","Submitted","Wed Aug 26 11:31:11 PDT 2020","Wed Aug 26 11:42:34 PDT 2020","Wed Sep 02 11:42:34 PDT 2020","","","","683","100% (2/2)","100% (2/2)","100% (2/2)","https://chart2text.s3.amazonaws.com/875.png","The statistic shows the U.S. Rate of U.S. per 1,000 in the U.S. from 60-64 years to <1 year . In the 1-4 years season , U.S. rate is estimated to increase by 2.7 % 1,000 members , up from 1.8 % 1,000 in the previous Year .","This line chart has an x axis representing Year and a y axis representing Rate per 1,000 members, with a total of 15 data points. The chart has 5 significant trends. The longest trend is extremely negative which exists from <1 year to 15-17 years. Conversely, the next significant trend is slightly positive which exists from 15-17 years to 30-34 years. In a similar manner, the next significant trend is moderately positive which exists from 30-34 years to 40-44 years. Similarly, the next significant trend is moderately positive which exists from 40-44 years to 50-54 years. In a similar manner, the next significant trend is moderately neutral which exists from 50-54 years to 60-64 years.","The statistic shows the total motor insurance claims frequency in the united kingdom ( UK ) from 2002 to 2015 . Since 2002 the frequency has diminished . In 2002 , the total motor claims frequency was nearly 21 percent , whereas from 2012 to 2016 , it varied between 13.1 and 13.6 percent .","The highest rate of concussions among U.S. Blue Cross Blue Shield ( BCBS ) members from 2010 to 2015 was among those aged 15 - 17 years . Among that age group the rate of concussion was 18.8 per 1,000 members . Unsurprisingly , the age group with the lowest rate of concussion was those aged less than 1 year .","Concussion rate in the U.S. 2010 to 2015 , by age","all is correct","all is correct","all is correct","all is correct","false","false","false","false","false","false","false","false","false","false","false","false","false","false","false","false","false","true","true","true","true","false","all is correct","false","true"
"3H781YYV6TPMCN6MNHR4260V9QXTE5","3EH3OJYIRZ5ZTNWNBAIXZJVBAX7YAA","Evaluate the quality of a summary for a chart","A short survey to evaluate the quality of a summary for a chart","survey, chart, summary, evaluation, machine learning, nlp, ml, ai, artificial intelligence","$0.08","Wed Aug 26 09:33:56 PDT 2020","1","BatchId:4164691;OriginalHitTemplateId:928390912;","3600","604800","Wed Sep 02 09:33:56 PDT 2020","","","3ZR9AIQJUCH6RWAWQBWIYTILBFU40S","A23BGNP50WTKI2","Submitted","Wed Aug 26 13:37:30 PDT 2020","Wed Aug 26 13:38:31 PDT 2020","Wed Sep 02 13:38:31 PDT 2020","","","","61","100% (2/2)","100% (2/2)","100% (2/2)","https://chart2text.s3.amazonaws.com/1198.png","This graph depicts the annual National Hockey League Revenue of the Edmonton Oilers from the 2005/06 season to the 2018/19 season . The Revenue of the Edmonton Oilers amounted to 154 million U.S. dollars in the 2018/19 season .","This line chart has an x axis representing Year and a y axis representing Revenue in million U.S. dollars, with a total of 14 data points. The chart has 5 significant trends. The longest trend is slightly positive which exists from 2012/13 to 2008/09. Additionally, the next significant trend is slightly positive which exists from 2008/09 to 2005/06. Additionally, the next significant trend is slightly negative which exists from 2018/19 to 2016/17. Contrarily, the next significant trend is extremely negative which exists from 2016/17 to 2014/15. On the contrary, the next significant trend is extremely positive which exists from 2014/15 to 2012/13.","The statistic shows the revenue of the montreal canadiens from the 2005/06 season to the 2018/19 season . The revenue of the montreal canadiens amounted to 243 million u.s. dollars in the 2018/19 season .","This graph depicts the annual National Hockey League revenue of the Edmonton Oilers from the 2005/06 season to the 2018/19 season . The revenue of the Edmonton Oilers amounted to 154 million U.S. dollars in the 2018/19 season .","Edmonton Oilers ' revenue 2005 to 2019","all is correct","all is correct","all is correct","all is correct","false","false","false","false","false","false","false","false","false","false","false","false","false","false","false","false","false","true","true","true","true","false","all is correct","false","true"
"3J9L0X0VDFTX98JZABGTXC6JMNZW9O","3EH3OJYIRZ5ZTNWNBAIXZJVBAX7YAA","Evaluate the quality of a summary for a chart","A short survey to evaluate the quality of a summary for a chart","survey, chart, summary, evaluation, machine learning, nlp, ml, ai, artificial intelligence","$0.08","Wed Aug 26 09:33:56 PDT 2020","1","BatchId:4164691;OriginalHitTemplateId:928390912;","3600","604800","Wed Sep 02 09:33:56 PDT 2020","","","3CFJTT4SXUYEHE9VWZJV792ROB17IA","A23BGNP50WTKI2","Submitted","Wed Aug 26 13:38:31 PDT 2020","Wed Aug 26 13:39:22 PDT 2020","Wed Sep 02 13:39:22 PDT 2020","","","","51","100% (2/2)","100% (2/2)","100% (2/2)","https://chart2text.s3.amazonaws.com/43.png","This statistic displays the Unemployment rate in New York Unemployment from 1992 to 2018 . In 2018 , Unemployment in New York Unemployment was 4.1 % .","This line chart has an x axis representing Year and a y axis representing Unemployment rate, with a total of 27 data points. The chart has 6 significant trends. The longest trend is slightly negative which exists from '18 to '12. But, the next significant trend is extremely positive which exists from '12 to '06. Also, the next significant trend is slightly negative which exists from '97 to '92. Differently, the next significant trend is slightly negative which exists from '06 to '03. Differently, the next significant trend is extremely positive which exists from '03 to '00. Similarly, the next significant trend is moderately negative which exists from '00 to '97.","This statistic displays the unemployment rate in michigan from 1992 to 2018 . In 2018 , unemployment in michigan was 4.1 percent .","This statistic displays the unemployment rate in the state of New York from 1992 to 2018 . In 2018 , unemployment in New York was 4.1 percent .","New York - Unemployment rate 1992 to 2018","all is correct","all is correct","all is correct","all is correct","false","false","false","false","false","false","false","false","false","false","false","false","false","false","false","false","false","true","true","true","true","false","all is correct","false","true"
"3THR0FZ95P0K51B68MS9LRKSJFHOL1","3EH3OJYIRZ5ZTNWNBAIXZJVBAX7YAA","Evaluate the quality of a summary for a chart","A short survey to evaluate the quality of a summary for a chart","survey, chart, summary, evaluation, machine learning, nlp, ml, ai, artificial intelligence","$0.08","Wed Aug 26 09:33:56 PDT 2020","1","BatchId:4164691;OriginalHitTemplateId:928390912;","3600","604800","Wed Sep 02 09:33:56 PDT 2020","","","3U0SRXB7CEDGDY412TUTHYP8BMQNR6","A23BGNP50WTKI2","Submitted","Wed Aug 26 13:43:20 PDT 2020","Wed Aug 26 13:44:09 PDT 2020","Wed Sep 02 13:44:09 PDT 2020","","","","49","100% (2/2)","100% (2/2)","100% (2/2)","https://chart2text.s3.amazonaws.com/556.png","This statistic shows the average Inflation rate in Malawi from 1984 to 2018 , with projections up until 2024 . In 2018 , the average Inflation rate in Malawi amounted to about 9.22 % compared to the previous Year .","This line chart has an x axis representing Year and a y axis representing Inflation rate compared to previous year, with a total of 41 data points. The chart has 5 significant trends. The longest trend is moderately negative which exists from 2024 to 2013. Conversely, the next significant trend is moderately positive which exists from 2008 to 2001. Likewise, the next significant trend is extremely negative which exists from 1995 to 1988. Contrarily, the next significant trend is slightly negative which exists from 2001 to 1995. Differently, the next significant trend is extremely negative which exists from 2013 to 2008.","This statistic shows the average inflation rate in trinidad and tobago from 1984 to 2018 , with projections up until 2024 . In 2018 , the average inflation rate in trinidad and tobago amounted to about 1.02 percent compared to the previous year .","This statistic shows the average inflation rate in Malawi from 1984 to 2018 , with projections up until 2024 . In 2018 , the average inflation rate in Malawi amounted to about 9.22 percent compared to the previous year .","Inflation rate in Malawi 2024","all is correct","all is correct","all is correct","all is correct","false","false","false","false","false","false","false","false","false","false","false","false","false","false","false","false","false","true","true","true","true","false","all is correct","false","true"
"3CRWSLD91KB4BJTR8YTOL4ZHJK7OM3","3EH3OJYIRZ5ZTNWNBAIXZJVBAX7YAA","Evaluate the quality of a summary for a chart","A short survey to evaluate the quality of a summary for a chart","survey, chart, summary, evaluation, machine learning, nlp, ml, ai, artificial intelligence","$0.08","Wed Aug 26 09:33:57 PDT 2020","1","BatchId:4164691;OriginalHitTemplateId:928390912;","3600","604800","Wed Sep 02 09:33:57 PDT 2020","","","3NPI0JQDAPDTWYT6MXCGL2VLZLLPTC","A23BGNP50WTKI2","Submitted","Wed Aug 26 11:42:35 PDT 2020","Wed Aug 26 11:43:39 PDT 2020","Wed Sep 02 11:43:39 PDT 2020","","","","64","100% (2/2)","100% (2/2)","100% (2/2)","https://chart2text.s3.amazonaws.com/891.png","This graph depicts the Average ticket price for Tampa Bay Buccaneers games in Major League Baseball from 2006 to 2019 . In 2019 , the Average ticket price was at 82.59 U.S. dollars .","This line chart has an x axis representing Year and a y axis representing Average ticket price in U.S. dollars, with a total of 13 data points. The chart has 4 significant trends. The longest trend is slightly negative which exists from 2013 to 2008. On the contrary, the next significant trend is moderately positive which exists from 2019 to 2015. In a similar manner, the next significant trend is moderately neutral which exists from 2015 to 2013. In a similar manner, the next significant trend is extremely positive which exists from 2008 to 2006.","This graph depicts the average ticket price for los angeles ( St. Louis ) rams games in the National Football League from 2006 to 2019 . In 2019 , the average ticket price was at 118.09 u.s. dollars .","This graph depicts the average ticket price for Tampa Bay Buccaneers games in the National Football League from 2006 to 2019 . In 2019 , the average ticket price was at 82.59 U.S. dollars .","Average ticket price of the Tampa Bay Buccaneers 2006 to 2019","all is correct","all is correct","all is correct","all is correct","false","false","false","false","false","false","false","false","false","false","false","false","false","false","false","false","false","true","true","true","true","false","all is correct","false","true"
"3Q9SPIIRWJTBERT42HUTT7H3S5HWA3","3EH3OJYIRZ5ZTNWNBAIXZJVBAX7YAA","Evaluate the quality of a summary for a chart","A short survey to evaluate the quality of a summary for a chart","survey, chart, summary, evaluation, machine learning, nlp, ml, ai, artificial intelligence","$0.08","Wed Aug 26 09:33:57 PDT 2020","1","BatchId:4164691;OriginalHitTemplateId:928390912;","3600","604800","Wed Sep 02 09:33:57 PDT 2020","","","3WRFBPLXRBWOUWJZR3TXZ0MS56PN3D","A23BGNP50WTKI2","Submitted","Wed Aug 26 10:54:46 PDT 2020","Wed Aug 26 10:55:46 PDT 2020","Wed Sep 02 10:55:46 PDT 2020","","","","60","100% (2/2)","100% (2/2)","100% (2/2)","https://chart2text.s3.amazonaws.com/247.png","This statistic gives information on the internet penetration rate in Argentina from 2017 to 2023 . In 2017 , 77 % of the Singaporean population were using the internet . In 2023 , this figure is projected to grow 94 % .","This line chart has an x axis representing Year and a y axis representing Share of population with a total of 7 data points. The chart has one significant trend. This trend is positive which exists from 2023 to 2017.","This statistic gives information on the internet penetration rate in singapore from 2017 to 2023 . In 2017 , 53 percent of the Singaporean population were using the internet . In 2023 , this figure is projected to grow to 82 percent .","This statistic provides information on internet user penetration in Argentina from 2017 to 2023 . In 2017 , 77 percent of the population in Argentina were accessing the internet . This figure is projected to grow to 94 percent by 2023 .","Argentina : internet user penetration 2017 to 2023","all is correct","all is correct","all is correct","all is correct","false","false","false","false","false","false","false","false","false","false","false","false","false","true","true","true","true","false","false","false","false","false","all is correct","false","true"
"3MWOYZD5WVVAT1ERKZ8OYJOHOAHON3","3EH3OJYIRZ5ZTNWNBAIXZJVBAX7YAA","Evaluate the quality of a summary for a chart","A short survey to evaluate the quality of a summary for a chart","survey, chart, summary, evaluation, machine learning, nlp, ml, ai, artificial intelligence","$0.08","Wed Aug 26 09:33:57 PDT 2020","1","BatchId:4164691;OriginalHitTemplateId:928390912;","3600","604800","Wed Sep 02 09:33:57 PDT 2020","","","33UKMF931ASROQMD3EL0QCWIONITTV","A23BGNP50WTKI2","Submitted","Wed Aug 26 10:40:06 PDT 2020","Wed Aug 26 10:42:35 PDT 2020","Wed Sep 02 10:42:35 PDT 2020","","","","149","100% (2/2)","100% (2/2)","100% (2/2)","https://chart2text.s3.amazonaws.com/461.png","This graph depicts the Average ticket price for Kansas City Royals games in Major League Baseball from 2006 to 2019 . In 2019 , the Average ticket price was at 32.84 U.S. dollars .","This line chart has an x axis representing Year and a y axis representing Average ticket price in U.S. dollars, with a total of 13 data points. The chart has 5 significant trends. The longest trend is extremely positive which exists from 2016 to 2013. Additionally, the next significant trend is extremely positive which exists from 2009 to 2006. Also, the next significant trend is extremely positive which exists from 2019 to 2016. Also, the next significant trend is slightly positive which exists from 2013 to 2011. Also, the next significant trend is slightly neutral which exists from 2011 to 2009.","This graph depicts the average ticket price for washington nationals games in Major League Baseball from 2006 to 2019 . In 2019 , the average ticket price was at 44.12 u.s. dollars .","This graph depicts the average ticket price for Kansas City Royals games in Major League Baseball from 2006 to 2019 . In 2019 , the average ticket price was at 32.84 U.S. dollars .","Kansas City Royals average ticket price 2006 to 2019","some incorrect explanation","almost all is correct","some incorrect explanation","some incorrect explanation","false","false","false","false","false","false","false","false","false","false","false","false","false","true","true","true","true","false","false","false","false","false","some incorrect explanation","true","false"
"3BA7SXOG1JXSN7J36P09AH3RA22R8R","3EH3OJYIRZ5ZTNWNBAIXZJVBAX7YAA","Evaluate the quality of a summary for a chart","A short survey to evaluate the quality of a summary for a chart","survey, chart, summary, evaluation, machine learning, nlp, ml, ai, artificial intelligence","$0.08","Wed Aug 26 09:33:57 PDT 2020","1","BatchId:4164691;OriginalHitTemplateId:928390912;","3600","604800","Wed Sep 02 09:33:57 PDT 2020","","","3QY7M81QH8U5N9ZJW247KPH4GEE7K7","A23BGNP50WTKI2","Submitted","Wed Aug 26 12:58:13 PDT 2020","Wed Aug 26 12:59:59 PDT 2020","Wed Sep 02 12:59:59 PDT 2020","","","","106","100% (2/2)","100% (2/2)","100% (2/2)","https://chart2text.s3.amazonaws.com/1088.png","The statistic shows the Number Carnival of Corporation & on a free-on board ( FOB ) plant basis in the plc between 2007 and 2019 . In 2019 , the Number FOB plant Carnival for this construction material was around 12.9 US passengers millions .","This line chart has an x axis representing Year and a y axis representing Number of passengers in millions with a total of 13 data points. The chart has one significant trend. This trend is positive which exists from 2019 to 2007.","The statistic shows the net income of Swiss-based pharmaceutical company roche from 2007 to 2019 . roche is one of the largest global pharmaceutical companies . In 2019 , roche reported approximately 14.1 billion swiss francs of net income .","This statistic shows the number of Carnival Corporation & plc passengers worldwide from 2007 to 2019 . In 2019 , the cruise company Carnival Corporation carried approximately 12.9 million passengers on its ships ..","Number of Carnival Corporation & plc passengers worldwide 2007 to 2019","all is correct","correct","all is correct","all is correct","false","false","false","false","false","false","false","false","false","false","false","false","false","false","true","false","false","true","false","true","true","false","all is correct","false","true"
"3Z3R5YC0P3UEI16IISBAKOLVLRCTFN","3EH3OJYIRZ5ZTNWNBAIXZJVBAX7YAA","Evaluate the quality of a summary for a chart","A short survey to evaluate the quality of a summary for a chart","survey, chart, summary, evaluation, machine learning, nlp, ml, ai, artificial intelligence","$0.08","Wed Aug 26 09:33:57 PDT 2020","1","BatchId:4164691;OriginalHitTemplateId:928390912;","3600","604800","Wed Sep 02 09:33:57 PDT 2020","","","3QRYMNZ7FZPTTDHT6IZOHDQQZ6UTNU","A23BGNP50WTKI2","Submitted","Wed Aug 26 12:11:11 PDT 2020","Wed Aug 26 12:12:03 PDT 2020","Wed Sep 02 12:12:03 PDT 2020","","","","52","100% (2/2)","100% (2/2)","100% (2/2)","https://chart2text.s3.amazonaws.com/226.png","The statistic shows Gross domestic product ( GDP ) in Sudan from 1984 to 2018 , with projections up until 2024 . Gross domestic product ( GDP ) denotes the aggregate value of all services and goods produced within a country in any given Year . GDP is an important indicator of a country 's economic power .","This line chart has an x axis representing Year and a y axis representing Gross domestic product in billion U.S. dollars, with a total of 41 data points. The chart has 5 significant trends. The longest trend is extremely positive which exists from 2012 to 1999. Also, the next significant trend is moderately positive which exists from 1999 to 1990. Also, the next significant trend is slightly positive which exists from 2019 to 2012. Likewise, the next significant trend is moderately positive which exists from 1990 to 1984. Similarly, the next significant trend is moderately positive which exists from 2024 to 2019.","The statistic shows gross domestic product ( gdp ) in uganda from 1984 to 2018 , with projections up until 2024 . gross domestic product ( gdp ) denotes the aggregate value of all services and goods produced within a country in any given year . gdp is an important indicator of a country 's economic power .","The statistic shows gross domestic product ( GDP ) in Sudan from 1984 to 2024 . Gross domestic product ( GDP ) denotes the aggregate value of all services and goods produced within a country in any given year . GDP is an important indicator of a country 's economic power .","Gross domestic product ( GDP ) in Sudan 2024","incorrect names and figures","correct","incorrect names and figures","incorrect names and figures","true","true","false","true","true","false","false","false","false","false","false","false","false","false","true","false","false","false","false","false","false","false","incorrect names and figures","false","false"
"335HHSX8CDCRF81RRSZVI5FMYK1HDQ","3EH3OJYIRZ5ZTNWNBAIXZJVBAX7YAA","Evaluate the quality of a summary for a chart","A short survey to evaluate the quality of a summary for a chart","survey, chart, summary, evaluation, machine learning, nlp, ml, ai, artificial intelligence","$0.08","Wed Aug 26 09:33:57 PDT 2020","1","BatchId:4164691;OriginalHitTemplateId:928390912;","3600","604800","Wed Sep 02 09:33:57 PDT 2020","","","3E4GGUZ1T9ZY182DQQNCOY0W5XC2K4","A23BGNP50WTKI2","Submitted","Wed Aug 26 10:34:03 PDT 2020","Wed Aug 26 10:35:59 PDT 2020","Wed Sep 02 10:35:59 PDT 2020","","","","116","100% (2/2)","100% (2/2)","100% (2/2)","https://chart2text.s3.amazonaws.com/666.png","The statistic shows Gross domestic product ( GDP ) in Puerto Rico from 1984 to 2018 , with projections up until 2024 . Gross domestic product ( GDP ) denotes the aggregate value of all services and goods produced within a country in any given Year . GDP is an important indicator of a country 's economic power .","This line chart has an x axis representing Year and a y axis representing Gross domestic product in billion U.S. dollars, with a total of 41 data points. The chart has 3 significant trends. The longest trend is extremely positive which exists from 2014 to 1984. In a similar manner, the next significant trend is slightly positive which exists from 2024 to 2019. Correspondingly, the next significant trend is slightly positive which exists from 2019 to 2014.","The statistic shows gross domestic product ( gdp ) in norway from 1984 to 2018 , with projections up until 2024 . gross domestic product ( gdp ) denotes the aggregate value of all services and goods produced within a country in any given year . gdp is an important indicator of a country 's economic power .","The statistic shows gross domestic product ( GDP ) in current U.S. dollars in Puerto Rico from 1984 to 2018 , with projections up until 2024 . Gross domestic product ( GDP ) denotes the aggregate value of all services and goods produced within a country in any given year . GDP is an important indicator of a country 's economic power .","Gross domestic product ( GDP ) in current U.S. dollars in Puerto Rico 2024","with mistakes","with mistakes","with mistakes","with mistakes","false","false","false","false","false","false","false","false","false","false","false","false","false","true","true","true","true","false","false","false","false","false","non correct meaning","true","false"
"3W1K7D6QSBOKRW31JIEWNMVRRP6BZ3","3EH3OJYIRZ5ZTNWNBAIXZJVBAX7YAA","Evaluate the quality of a summary for a chart","A short survey to evaluate the quality of a summary for a chart","survey, chart, summary, evaluation, machine learning, nlp, ml, ai, artificial intelligence","$0.08","Wed Aug 26 09:33:57 PDT 2020","1","BatchId:4164691;OriginalHitTemplateId:928390912;","3600","604800","Wed Sep 02 09:33:57 PDT 2020","","","3T3IWE1XG7VEWAULMAR5L7LV4GDQT8","A23BGNP50WTKI2","Submitted","Wed Aug 26 10:25:45 PDT 2020","Wed Aug 26 10:29:07 PDT 2020","Wed Sep 02 10:29:07 PDT 2020","","","","202","100% (2/2)","100% (2/2)","100% (2/2)","https://chart2text.s3.amazonaws.com/667.png","This statistic shows the number of victims the Brazil Henrique_Meirelles_(MDB) Vera_Lúcia_(PSTU) in the Cabo_Daciolo_(PATRI) between 1982 and Brazil 0 , 2018 . Shown are the 25 Henrique_Meirelles_(MDB) Vera_Lúcia_(PSTU) with the highest number of Situation . The number of Situation people in these Vera_Lúcia_(PSTU) is also provided .","This grouped bar chart has 30 categories for the x axis of Month representing Situation A, and Situation B. The highest category is found at Luiz Inácio Lula da Silva (PT) with a mean value of 19.5. The second highest category is found at Blank or voided ballots/No vote with a mean value of 11.0. This represents a difference of 55.7%.","essential sold have a voluminous import market in europe . In 2017 , a total of 87,000 tonnes of essential oils were imported by European countries . On an individual level , countries within europe had varying degrees of interest and import trade in different types of essential oils .","The statistic shows the results of a survey carried out in August 2018 to measure the voting intention for the leading candidates to the first round of presidential elections in Brazil . Respondents were presented with two sets of candidates reflecting different potential election situations . As of August 2018 , the voting intention for presidential candidate Marina Silva amounted to 8 percent in the situation A and 16 percent in the situation B .","Brazil : voting intention for 2018 presidential elections , by candidate","ok","moderate level","Only by meaning","But incorrect figures","false","false","false","false","false","false","false","false","false","false","false","false","false","true","true","true","true","false","false","false","false","false","Incorrect figures of Luiz Inácio Lula da Silva","true","false"
"3K2CEDRACB8KOBYZ4FFNFE54ISOMTN","3EH3OJYIRZ5ZTNWNBAIXZJVBAX7YAA","Evaluate the quality of a summary for a chart","A short survey to evaluate the quality of a summary for a chart","survey, chart, summary, evaluation, machine learning, nlp, ml, ai, artificial intelligence","$0.08","Wed Aug 26 09:33:57 PDT 2020","1","BatchId:4164691;OriginalHitTemplateId:928390912;","3600","604800","Wed Sep 02 09:33:57 PDT 2020","","","3PW9OPU9PRSWV7GRIGHUJJ4XWSC122","A23BGNP50WTKI2","Submitted","Wed Aug 26 12:09:45 PDT 2020","Wed Aug 26 12:10:35 PDT 2020","Wed Sep 02 12:10:35 PDT 2020","","","","50","100% (2/2)","100% (2/2)","100% (2/2)","https://chart2text.s3.amazonaws.com/318.png","A majority of survey found that around 49 % of respondents aged Male to took Every_day to phone Several_times_a_day in the previous UK . The mobile does not require businesses to provide employees with paid phone leave , however bigger businesses must offer unpaid leave for medical issues . Laws regarding phone leave do vary making state .","This grouped bar chart has 7 categories for the x axis of Response representing Male, and Female. The highest category is found at Several times a day with a mean value of 47.5. The second highest category is found at Every day with a mean value of 22.5. This represents a difference of 71.4%.","This statistic shows the results of a survey among americans on their belief in the concepts of god , heaven and hell in 2014 . As of 2011 , about 75 percent of respondents believed in hell .","Figures covering the frequency of mobile phone use show a relatively even split among genders in the United Kingdom ( UK ) during 2019 . Males were slightly more likely to use their mobile phones to make calls several times a day , while less than one percent of female respondents reported never using a mobile phone to make calls . Mobile call volume increasing The volume of calls made using mobile phones has increased over the past several years .","Mobile phone usage : frequency of making mobile phone calls in the UK 2019 , by gender","incorrect names and figures","correct","incorrect names and figures","incorrect names and figures","true","true","false","true","true","false","false","false","false","false","false","false","false","false","true","false","false","false","false","false","false","false","incorrect names and figures","false","false"
"389A2A304OP6ZGPHTOXZS7YNR3NC0J","3EH3OJYIRZ5ZTNWNBAIXZJVBAX7YAA","Evaluate the quality of a summary for a chart","A short survey to evaluate the quality of a summary for a chart","survey, chart, summary, evaluation, machine learning, nlp, ml, ai, artificial intelligence","$0.08","Wed Aug 26 09:33:57 PDT 2020","1","BatchId:4164691;OriginalHitTemplateId:928390912;","3600","604800","Wed Sep 02 09:33:57 PDT 2020","","","3V0Z7YWSIZ8CHJWPPU1JQ7BDLW4V26","A23BGNP50WTKI2","Submitted","Wed Aug 26 11:28:02 PDT 2020","Wed Aug 26 11:29:22 PDT 2020","Wed Sep 02 11:29:22 PDT 2020","","","","80","100% (2/2)","100% (2/2)","100% (2/2)","https://chart2text.s3.amazonaws.com/365.png","The statistic presents the global box office of the Jurassic_World of the Jurassic Park Movie series in North America and Worldwide . As of , `` Jurassic_World of the Jurassic Park : On Jurassic_Park_III '' , the fourth installment in the series , reached a gross of 181.17 million U.S. dollars in 4,164 cinemas across North America . Johnny Depp , the actor who plays Captain Jack Sparrow , ranked fifth on the list of the best-paid actors Worldwide in 2016 , with an annual income of 48 million U.S. dollars .","This grouped bar chart has 5 categories for the x axis of Movie representing North America, and Worldwide. The highest category is found at Jurassic World with a mean value of 1161.99. The second highest category is found at Jurassic World: Fallen Kingdom with a mean value of 860.78. This represents a difference of 29.8%.","The statistic presents the box office revenue of the pirates of the caribbean movie series in north america and worldwide . As of , `` pirates of the caribbean : On stranger tides '' , the fourth installment in the series , reached a gross of 241.07 million U.S. dollars in 4,164 cinemas across north america . Johnny Depp , the actor who plays Captain Jack Sparrow , ranked fifth on the list of the best-paid actors worldwide in 2016 , with an annual income of 48 million U.S. dollars .","The statistic presents the box office revenue of the Jurassic Park movie series in North America and worldwide . As of October 2018 , `` Jurassic World '' , the fourth installment in the series released in 2015 , reached a gross of 652.27 million U.S. dollars in 4,291 cinemas across North America . It is currently the fifth most successful movie of all time based on global box office revenue .","The Jurassic Park franchise : domestic and global box office revenue 2018","incorrect value","but incorrect value","incorrect value","incorrect value","false","false","false","false","false","false","false","false","false","false","false","false","false","true","true","true","true","false","false","false","false","false","incorrect value","true","false"
"3W5PY7V3UPEQ4PR8BOPU7352T0BJY5","3EH3OJYIRZ5ZTNWNBAIXZJVBAX7YAA","Evaluate the quality of a summary for a chart","A short survey to evaluate the quality of a summary for a chart","survey, chart, summary, evaluation, machine learning, nlp, ml, ai, artificial intelligence","$0.08","Wed Aug 26 09:33:57 PDT 2020","1","BatchId:4164691;OriginalHitTemplateId:928390912;","3600","604800","Wed Sep 02 09:33:57 PDT 2020","","","3RXPCZQMQQJMA1OYHV2JLNYY6CCG1X","A23BGNP50WTKI2","Submitted","Wed Aug 26 13:51:11 PDT 2020","Wed Aug 26 13:52:36 PDT 2020","Wed Sep 02 13:52:36 PDT 2020","","","","85","100% (2/2)","100% (2/2)","100% (2/2)","https://chart2text.s3.amazonaws.com/604.png","Between 2014 and 2019 , the major supermarket chain Australia 's was the first choice in terms of Major countries . For the 12-week period ending 2014 26th , 2019 total Major expenditure in its mine amounted to approximately 7.1 billion British pounds . Over the period in consideration , Sainsbury 's and China ranked second and third respectively , while the difference in their Major expenditure was relatively minor .","This grouped bar chart has 8 categories for the x axis of Country representing 2014, 2016, 2018, and 2019. The highest category is found at Australia with a mean value of 32100.0. The second highest category is found at Chile with a mean value of 14625.0. This represents a difference of 74.8%.","This statistic shows the number of medium and heavy commercial vehicles that were registered in selected countries across europe in 2014 . In france , over 55,400 heavy commercial vehicles were registered in 2018 . Truck registrations in europe With over 94,400 , the leader of heavy commercial vehicle registrations within europe was germany .","This statistic depicts the countries with the largest mine production of lithium worldwide from 2014 to 2019 . For example , Australia 's lithium mine production came to approximately 42,000 metric tons in 2019 . Lithium is a soft alkali metal with uses in batteries , ceramics and glass , electronics , metallurgy , and more .","Major countries in lithium mine production 2014 to 2019","bad explanation","correct","bad explanation","bad explanation","false","false","false","false","false","false","false","false","false","false","false","false","false","true","true","true","true","false","false","false","false","false","bad explanation","true","false"
"3VMV5CHJZ8MKW12DTCHS29L7M6CTGM","3EH3OJYIRZ5ZTNWNBAIXZJVBAX7YAA","Evaluate the quality of a summary for a chart","A short survey to evaluate the quality of a summary for a chart","survey, chart, summary, evaluation, machine learning, nlp, ml, ai, artificial intelligence","$0.08","Wed Aug 26 09:33:57 PDT 2020","1","BatchId:4164691;OriginalHitTemplateId:928390912;","3600","604800","Wed Sep 02 09:33:57 PDT 2020","","","3FDJT1UU75GQ05L089PAM538P7A5KF","A23BGNP50WTKI2","Submitted","Wed Aug 26 10:51:05 PDT 2020","Wed Aug 26 10:52:54 PDT 2020","Wed Sep 02 10:52:54 PDT 2020","","","","109","100% (2/2)","100% (2/2)","100% (2/2)","https://chart2text.s3.amazonaws.com/445.png","The Monthly retail sales beer one kilogram of wine in Canada was 1.89 Canadian dollars in 2019 . This sales remained relatively stable in 2019 , staying between 1.87 and 1.91 Canadian dollars per kilogram . Prices were higher in 2015 , with an Monthly cost of 1.87 dollars .","This grouped bar chart has 12 categories for the x axis of Month representing 2015, 2016, 2017, 2018, and 2019. The highest category is found at Feb with a mean value of 1.89. The second highest category is found at Jan with a mean value of 1.87. This represents a difference of 0.7%.","The average retail price for one kilogram of bananas in canada was 1.55 Canadian dollars in 2019 . This price remained relatively stable in 2019 , staying between 1.54 and 1.57 Canadian dollars per kilogram . Prices were higher in 2015 , with an average monthly cost of 1.7 dollars .","Retail sales of beer , wine and liquor stores reached approximately 2.01 billion Canadian dollars in February 2019 , an increase of around 80 million Canadian dollars compared to February in the previous year . Monthly sales have witnessed a steady increase over the past five years . Of these beverages , wine is the most popular among Canadians , followed by domestic and imported beer .","Monthly retail sales of beer , wine and liquor stores in Canada 2015 to 2019","inaccurate meaning","inaccurate meaning","inaccurate meaning","inaccurate meaning","false","false","false","false","false","false","false","false","true","false","false","false","false","true","true","true","false","false","false","false","false","false","inaccurate meaning","true","false"
"3HYV4299H033E3EYKJG9BA48VDCE81","3EH3OJYIRZ5ZTNWNBAIXZJVBAX7YAA","Evaluate the quality of a summary for a chart","A short survey to evaluate the quality of a summary for a chart","survey, chart, summary, evaluation, machine learning, nlp, ml, ai, artificial intelligence","$0.08","Wed Aug 26 09:33:57 PDT 2020","1","BatchId:4164691;OriginalHitTemplateId:928390912;","3600","604800","Wed Sep 02 09:33:57 PDT 2020","","","323Q6SJS8JOR0CDH80ZMVPETMLEHF2","A23BGNP50WTKI2","Submitted","Wed Aug 26 12:14:55 PDT 2020","Wed Aug 26 12:15:56 PDT 2020","Wed Sep 02 12:15:56 PDT 2020","","","","61","100% (2/2)","100% (2/2)","100% (2/2)","https://chart2text.s3.amazonaws.com/818.png","The Average retail price for one kilogram of regular in Canada was 109.7 Canadian dollars in 2019 . This price remained relatively stable in 2019 , staying between 106.0 and 106.5 Canadian dollars per kilogram . Prices were higher in 2015 , with an Average monthly cost of 106.0 dollars .","This grouped bar chart has 12 categories for the x axis of Month representing 2015, 2016, 2017, 2018, and 2019. The highest category is found at May with a mean value of 118.8. The second highest category is found at Jun with a mean value of 117.34. This represents a difference of 1.2%.","The average retail price for one kilogram of bananas in canada was 1.55 Canadian dollars in 2019 . This price remained relatively stable in 2019 , staying between 1.54 and 1.57 Canadian dollars per kilogram . Prices were higher in 2015 , with an average monthly cost of 1.7 dollars .","The average retail price for regular , unleaded gasoline at self-service stations in Canada was 114.5 Canadian cents per liter in December 2019 . Prices hitt a high of 1.3 dollars per liter in May 2019 . The average price in 2018 was around 1.26 dollars per liter , a substantial increase from an average of 1.07 dollars in 2015 .","Average retail price for regular , unleaded gasoline in Canada 2015 to 2019","incorrect figures","correct","incorrect figures","incorrect figures","true","false","false","false","false","true","false","true","true","false","false","false","false","false","true","false","false","false","false","false","false","false","incorrect figures","false","false"
"3XH7ZM9YX21S1C2DBH6NADY2U8KR9G","3EH3OJYIRZ5ZTNWNBAIXZJVBAX7YAA","Evaluate the quality of a summary for a chart","A short survey to evaluate the quality of a summary for a chart","survey, chart, summary, evaluation, machine learning, nlp, ml, ai, artificial intelligence","$0.08","Wed Aug 26 09:33:57 PDT 2020","1","BatchId:4164691;OriginalHitTemplateId:928390912;","3600","604800","Wed Sep 02 09:33:57 PDT 2020","","","3NPI0JQDAPDTWYT6MXCGL2VLZMPPTI","A23BGNP50WTKI2","Submitted","Wed Aug 26 13:47:19 PDT 2020","Wed Aug 26 13:48:23 PDT 2020","Wed Sep 02 13:48:23 PDT 2020","","","","64","100% (2/2)","100% (2/2)","100% (2/2)","https://chart2text.s3.amazonaws.com/748.png","The survey shows result of survey on Amount of Android_owners in U.S. by in the country as of 2016 . The results were split my respondents ' 2010 . During the survey , 19 of Afrian - respondents stated U.S. by did a Android_owners of potraying Android_owners .","This grouped bar chart has 3 categories for the x axis of Response representing Under $50, $50 - $100, $100 - $200, and $200 and up. The highest category is found at BlackBerry owners with a mean value of 23.5. The second highest category is found at iPhone owners with a mean value of 23.5. This represents a difference of 0.0%.","This statistic shows the results of a survey in 2014 among u.s. adults by gender on the most important issues to them in choosing a spouse or partner . During the survey , 46 percent of men were of the opinion that finding someone with a steady job would be very important to them in choosing a spouse or partner while 78 percent of women were of the opinion that finding someone with a steady job would be very important to them .","This statistic shows the results of a survey conducted in 2010 in the United States asking smartphone users how much they have spent on accessories for their cell phone . The survey revealed that 60 percent of Android owners spent under 50 U.S. dollars on accessories for their mobile phone .","Amount spent on smartphone accessories by U.S. consumers 2010","incorrect explanation","correct","incorrect explanation","incorrect explanation","true","false","false","false","false","true","false","true","true","false","false","false","false","false","true","false","false","false","false","false","false","false","incorrect explanation","false","false"
"3FDWKV9VCN9ZOODO4K5XKAR616VMUE","3EH3OJYIRZ5ZTNWNBAIXZJVBAX7YAA","Evaluate the quality of a summary for a chart","A short survey to evaluate the quality of a summary for a chart","survey, chart, summary, evaluation, machine learning, nlp, ml, ai, artificial intelligence","$0.08","Wed Aug 26 09:33:57 PDT 2020","1","BatchId:4164691;OriginalHitTemplateId:928390912;","3600","604800","Wed Sep 02 09:33:57 PDT 2020","","","3F6HPJW4JE8PW8WUF46FC9URS5LW2W","A23BGNP50WTKI2","Submitted","Wed Aug 26 12:13:20 PDT 2020","Wed Aug 26 12:14:55 PDT 2020","Wed Sep 02 12:14:55 PDT 2020","","","","95","100% (2/2)","100% (2/2)","100% (2/2)","https://chart2text.s3.amazonaws.com/393.png","This statistic shows the Novartis ' spending research of development in Novartis 2017 and 2019 . In the first Company of 2019 , the ' spending research of development in Novartis the country was 7.62 U.S. dollars . In 2017 , there were 5.6 million international overnight visitors to Novartis .","This grouped bar chart has 3 categories for the x axis of Company representing 2017, 2018, and 2019. The highest category is found at Innovative Medicines with a mean value of 7.82. The second highest category is found at Sandoz with a mean value of 0.94. This represents a difference of 156.9%.","This statistic shows the distribution of the remote patient monitoring market in north America in 2008 and 2015 with a forecast for 2022 , by country , in million u.s. dollars . In 2015 , the remote patient monitoring market in the u.s. was valued at around 175 million dollars and was expected to grow to almost 536 million dollars by the year 2022 .","This statistic shows the expenditure on research and development of pharmaceutical company Novartis from 2017 to 2019 , by business segment . In 2016 and 2017 , in both years , the company spent around 7.6 billion U.S. dollars for research and development in the Innovative Medicines division .","Novartis ' spending on research and development by segment 2017 to 2019","incorrect explanation","correct","incorrect explanation","incorrect explanation","false","false","false","false","false","true","false","true","true","false","false","false","false","false","true","false","false","false","false","false","false","false","incorrect explanation","true","false"
"3QGHA0EA0J7GX1YW8VUPOI19AN2WBY","3EH3OJYIRZ5ZTNWNBAIXZJVBAX7YAA","Evaluate the quality of a summary for a chart","A short survey to evaluate the quality of a summary for a chart","survey, chart, summary, evaluation, machine learning, nlp, ml, ai, artificial intelligence","$0.08","Wed Aug 26 09:33:58 PDT 2020","1","BatchId:4164691;OriginalHitTemplateId:928390912;","3600","604800","Wed Sep 02 09:33:58 PDT 2020","","","3M81GAB8A1RE0O04MO0KLDF9YAKBQC","A23BGNP50WTKI2","Submitted","Wed Aug 26 12:19:51 PDT 2020","Wed Aug 26 12:20:54 PDT 2020","Wed Sep 02 12:20:54 PDT 2020","","","","63","100% (2/2)","100% (2/2)","100% (2/2)","https://chart2text.s3.amazonaws.com/268.png","The Average retail price for one kilogram of ground in Canada was 12.41 Canadian dollars in 2019 . This price remained relatively stable in 2019 , staying between 11.93 and 12.2 Canadian dollars per kilogram . Prices were higher in 2015 , with an Average monthly cost of 11.93 dollars .","This grouped bar chart has 12 categories for the x axis of Month representing 2015, 2016, 2017, 2018, and 2019. The highest category is found at Apr with a mean value of 12.29. The second highest category is found at Sep with a mean value of 12.29. This represents a difference of 0.0%.","The average retail price for one kilogram of bananas in canada was 1.55 Canadian dollars in 2019 . This price remained relatively stable in 2019 , staying between 1.54 and 1.57 Canadian dollars per kilogram . Prices were higher in 2015 , with an average monthly cost of 1.7 dollars .","In Canada , one kilogram of ground beef cost an average 11.69 Canadian dollars in November 2019 . This price has fluctuated throughout the year , with a high of 11.67 dollars in October 2019 . Ground , otherwise known as minced , beef is often considered a cheaper and more versatile alternative to other cuts of beef .","Average retail price for ground beef in Canada 2015 to 2019","incorrect explanation","correct","incorrect explanation","incorrect explanation","true","false","false","true","false","true","false","false","true","false","false","false","false","false","true","false","false","false","false","false","false","false","incorrect explanation","false","false"
"37VUR2VJ6AW665AZP71Z6CHXWVTC1M","3EH3OJYIRZ5ZTNWNBAIXZJVBAX7YAA","Evaluate the quality of a summary for a chart","A short survey to evaluate the quality of a summary for a chart","survey, chart, summary, evaluation, machine learning, nlp, ml, ai, artificial intelligence","$0.08","Wed Aug 26 09:33:58 PDT 2020","1","BatchId:4164691;OriginalHitTemplateId:928390912;","3600","604800","Wed Sep 02 09:33:58 PDT 2020","","","32VNZTT0A8CURQUVKOFXIPJ8K5V4RS","A23BGNP50WTKI2","Submitted","Wed Aug 26 13:41:53 PDT 2020","Wed Aug 26 13:42:36 PDT 2020","Wed Sep 02 13:42:36 PDT 2020","","","","43","100% (2/2)","100% (2/2)","100% (2/2)","https://chart2text.s3.amazonaws.com/282.png","The majority of Military_defense and United in the United Kingdom were listed as Foreign_military_aid oncologists in . Comparatively , the fewest Defense of oncologists were registered as Defense_(not_elsewhere_classified) oncologists at that time . With an aging population and workforce , the United Kingdom is predicted to face a serious shortage of Military_defense and United in the coming years .","This grouped bar chart has 5 categories for the x axis of Defense Category representing 2017/18, and 2018/19. The highest category is found at Military defense with a mean value of 37194.5. The second highest category is found at R&D defense with a mean value of 1285.0. This represents a difference of 186.6%.","The majority of hematology and oncology physicians in the u.s. were listed as radiation oncologists in 2016 . Comparatively , the fewest number of oncologists were registered as surgical oncologists at that time . With an aging population and workforce , the u.s. is predicted to face a serious shortage of hematology and oncology physicians in the coming years .","This statistic shows public sector expenditure on defense in the United Kingdom ( UK ) from 2017/18 to 2018/19 , by type . The majority of spending was for military defense . In 2018/19 , research and development accounted for 1.3 billion British pounds of the total of approximately 32.4 billion British pound expenditure .","Defense spending breakdown of the United Kingdom ( UK ) 2017/18 - 2018/19","all is correct","all is correct","all is correct","all is correct","false","false","false","false","false","false","false","false","false","false","false","false","false","false","false","false","false","true","true","true","true","false","all is correct","false","true"
"3EQPA8A3743Q9F1D7ARDLAE4ZUFJZW","3EH3OJYIRZ5ZTNWNBAIXZJVBAX7YAA","Evaluate the quality of a summary for a chart","A short survey to evaluate the quality of a summary for a chart","survey, chart, summary, evaluation, machine learning, nlp, ml, ai, artificial intelligence","$0.08","Wed Aug 26 09:33:58 PDT 2020","1","BatchId:4164691;OriginalHitTemplateId:928390912;","3600","604800","Wed Sep 02 09:33:58 PDT 2020","","","3EICBYG6454GO6OX5YC6ZW9520KJCS","A23BGNP50WTKI2","Submitted","Wed Aug 26 11:57:23 PDT 2020","Wed Aug 26 11:58:57 PDT 2020","Wed Sep 02 11:58:57 PDT 2020","","","","94","100% (2/2)","100% (2/2)","100% (2/2)","https://chart2text.s3.amazonaws.com/97.png","In 2018/19 , there were 45.7 % theory test pass rates in the United Kingdom . Of these less than fifty percent were successful . This was the second Year in a row that the Driving of pass rates had dropped , with the share of United pass staying relatively constant in respect to overall number.Driving is still an inherent part of life for many people in the UK and still the most common mode of transport .","This line chart has 2 lines. The line representing Female had the highest values across Year with a mean value of 58.9. This peaked at 2007/08 with a value of 68.9.  The line with the second highest values was Male with a mean value of 53.8. This line peaked at 2008/09 with a value of 62.6","In 2018/19 , there were 1.66 million practical driving tests taken in the united kingdom . Of these less than fifty percent were successful . This was the second year in a row that the number of tests taken had decreased , with the share of passed tests staying relatively constant in respect to overall number.Driving is still an inherent part of life for many people in the UK and still the most common mode of transport .","This statistic compares the pass rates for men and women in driving theory tests in the United Kingdom ( UK ) between 2007/08 and 2018/19 . Women consistently performed better than men at the theory tests by around six percent . Although the pass rates have been falling , the most recent drop can possibly be attributed , in part , to new , previously unpublished questions being used in the new tests .","Driving theory test pass rates in the United Kingdom 2007 - 2019 by gender","incorrect figures","correct","incorrect figures","incorrect figures","true","false","false","false","false","true","false","true","true","false","false","false","false","false","true","false","false","false","false","false","false","false","incorrect figures","false","false"
"3OND0WXMHWMW7EFRNNAFONX7YW2HEJ","3EH3OJYIRZ5ZTNWNBAIXZJVBAX7YAA","Evaluate the quality of a summary for a chart","A short survey to evaluate the quality of a summary for a chart","survey, chart, summary, evaluation, machine learning, nlp, ml, ai, artificial intelligence","$0.08","Wed Aug 26 09:33:58 PDT 2020","1","BatchId:4164691;OriginalHitTemplateId:928390912;","3600","604800","Wed Sep 02 09:33:58 PDT 2020","","","3A1COHJ8NK3ILX3U0MTGLXX7ZFFH8V","AOCZRH4QWLCMF","Submitted","Wed Aug 26 09:41:35 PDT 2020","Wed Aug 26 09:45:16 PDT 2020","Wed Sep 02 09:45:16 PDT 2020","","","","221","100% (1/1)","100% (1/1)","100% (1/1)","https://chart2text.s3.amazonaws.com/255.png","The Population China at 2008 was 713.51 years old for men in China 2018 , and 681.87 years old for women . Within the considered time frame , men were about three years older then women on Population when marrying , and all in the Population China seems to increase . In 2018 , the Population China in was about the same as in Denmark and the Netherlands .","This line chart has 2 lines. The line representing Male had the highest values across Year with a mean value of 697.5. This peaked at 2018 with a value of 713.0.  The line with the second highest values was Female with a mean value of 663.1. This line peaked at 2018 with a value of 681.0","The average age at marriage was 38.7 years old for men in norway in 2018 , and 35.4 years old for women . Within the considered time frame , men were about three years older then women on average when marrying , and all in all the average age seems to increase . In 2018 , the average age in norway was about the same as in Denmark and the Netherlands .","In 2018 , there were around 713 million male inhabitants and 682 million female inhabitants living in China , amounting to nearly 1.4 billion people in total . The population of the world 's most populous country remains growing , but growth has been slowing down and the total population size is forecast to peak around the end of the 2020s . Birth control in China From the beginning of the 1970s on , having many children was no longer encouraged in mainland China .","Population in China 2008 - 2018 , by gender","There were no overt issues or problems with to coherent nature of the sentence. It made perfect sense and matched with the information presented in the visual aid.","There were, again, no issues with the fluent or grammatical nature of the sentence. Short of some capitalization queries, everything made perfect sense and was understandable.","This was found to be neutral because there is a lot of numbers, rambling, and writing to explain a very simple content structure. It can be shortened to be more concise and clear.","The information in the chart makes it clear what the population was in China, by gender, and how it is on a decline. The year axis is difficult to comprehend but it shows that as time is going on it is going down.","false","false","false","false","false","false","false","false","false","false","false","true","false","false","false","false","true","true","true","false","false","false","The information presented, to include the peak and numbers appear to be represented in this graph. The lines match with the information, however, the ""Year"" Axis does not necessarily make it clear what is or is not 2018.","true","false"
"3XEDXEGFX3VOIE15L1EXGQBVWCWK04","3EH3OJYIRZ5ZTNWNBAIXZJVBAX7YAA","Evaluate the quality of a summary for a chart","A short survey to evaluate the quality of a summary for a chart","survey, chart, summary, evaluation, machine learning, nlp, ml, ai, artificial intelligence","$0.08","Wed Aug 26 09:33:58 PDT 2020","1","BatchId:4164691;OriginalHitTemplateId:928390912;","3600","604800","Wed Sep 02 09:33:58 PDT 2020","","","3PZDLQMM0UTGIAQPYD6E0FNO0PXC2X","A23BGNP50WTKI2","Submitted","Wed Aug 26 11:55:00 PDT 2020","Wed Aug 26 11:56:09 PDT 2020","Wed Sep 02 11:56:09 PDT 2020","","","","69","100% (2/2)","100% (2/2)","100% (2/2)","https://chart2text.s3.amazonaws.com/532.png","This graph depicts the total/average regular season attendance 2005 of the National Hockey League Carolina Sharks franchise of the National Hockey League Carolina League from the 2005/06 season to the 2018/19 season . In 2018/19 , the Total regular season attendance 2005 of the franchise was 587222 .","This line chart has 2 lines. The line representing Total attendance had the highest values across Year with a mean value of 595868.6. This peaked at 2006/07 with a value of 712861.0.  The line with the second highest values was Average attendance with a mean value of 15081.4. This line peaked at 2012/13 with a value of 17558.0","This graph depicts the total/average regular season home attendance of the vancouver canucks franchise of the national hockey league from the 2005/06 season to the 2018/19 season . In 2018/19 , the total regular season home attendance of the franchise was 738918 .","This graph depicts the total/average regular season home attendance of the Carolina Hurricanes franchise of the National Hockey League from the 2005/06 season to the 2018/19 season . In 2018/19 , the total regular season home attendance of the franchise was 587,222 .","National Hockey League - Carolina Hurricanes home attendance 2005 to 2019","incorrect explanation and figures","correct","incorrect explanation and figures","incorrect explanation and figures","true","true","false","true","true","false","false","false","false","false","false","false","false","false","true","false","false","false","false","false","false","false","incorrect explanation and figures","false","false"
"3EQVJH0T40SYWXXODIZAN9X816PTHL","3EH3OJYIRZ5ZTNWNBAIXZJVBAX7YAA","Evaluate the quality of a summary for a chart","A short survey to evaluate the quality of a summary for a chart","survey, chart, summary, evaluation, machine learning, nlp, ml, ai, artificial intelligence","$0.08","Wed Aug 26 09:33:58 PDT 2020","1","BatchId:4164691;OriginalHitTemplateId:928390912;","3600","604800","Wed Sep 02 09:33:58 PDT 2020","","","3VW6495TLK8JMYK1NQVY6AGCIS7YY5","A23BGNP50WTKI2","Submitted","Wed Aug 26 11:47:15 PDT 2020","Wed Aug 26 11:49:47 PDT 2020","Wed Sep 02 11:49:47 PDT 2020","","","","152","100% (2/2)","100% (2/2)","100% (2/2)","https://chart2text.s3.amazonaws.com/657.png","The statistic shows the Johnson Johnson Johnson & from 2024 to 2012 . In 2019 , Johnson & in Immunology was the worldwide lowest at 11.69 % and rose to 7.87 % in 2012 . As of that Year , Anti-infectives had the highest Johnson & among individuals with 3.19 % of the population accessing the Johnson .","This line chart has 5 lines. The line representing Oncology had the highest values across Year with a mean value of 83.8. This peaked at 2019 with a value of 988.0.  The line with the second highest values was Immunology with a mean value of 10.8. This line peaked at 2019 with a value of 12.4","This statistic shows the total medicaid value of marriott international hotels worldwide from 2010 to 2019 , by region . The average daily rate of marriott hotels in north america was 202.75 U.S. dollars in 2019 .","This statistic shows the revenue share of Johnson & Johnson 's pharmaceuticals segment worldwide from 2012 to 2024 , by product category . Johnson & Johnson is a multi-national company , specialized on pharmaceuticals , medical devices and consumer goods . The company is headquartered in New Brunswick , New Jersey .","Revenue of Johnson & Johnson 's pharmaceuticals segment worldwide 2012 to 2024","but with some unconfirmed figures","all is correct","but with some unconfirmed figures","but with some unconfirmed figures","false","false","false","false","false","false","false","false","false","false","false","false","false","true","true","true","true","false","false","false","false","false","not all figures we can find on the chart","true","false"
"3IQ9O0AYW66YSS88J0HVNLYN1J4TIE","3EH3OJYIRZ5ZTNWNBAIXZJVBAX7YAA","Evaluate the quality of a summary for a chart","A short survey to evaluate the quality of a summary for a chart","survey, chart, summary, evaluation, machine learning, nlp, ml, ai, artificial intelligence","$0.08","Wed Aug 26 09:33:58 PDT 2020","1","BatchId:4164691;OriginalHitTemplateId:928390912;","3600","604800","Wed Sep 02 09:33:58 PDT 2020","","","3JRJSWSMQITK0Q6MY4QE9DSJRFI3E0","A23BGNP50WTKI2","Submitted","Wed Aug 26 12:15:56 PDT 2020","Wed Aug 26 12:19:50 PDT 2020","Wed Sep 02 12:19:50 PDT 2020","","","","234","100% (2/2)","100% (2/2)","100% (2/2)","https://chart2text.s3.amazonaws.com/786.png","The statistic shows the distribution of Employment in Norway by economic sector from 2009 to 2019 . In 2019 , 2.02 % of the employees in Norway were active in the agricultural sector , 19.09 % in Industry and 78.89 % in the Services sector .","This line chart has 3 lines. The line representing Services had the highest values across Year with a mean value of 77.9. This peaked at 2019 with a value of 78.8.  The line with the second highest values was Industry with a mean value of 19.8. This line peaked at 2014 with a value of 20.4","The statistic shows the distribution of employment in bhutan by economic sector from 2009 to 2019 . In 2019 , 16.4 percent of the employees in bhutan were active in the agricultural sector , 15.66 percent in industry and 67.94 percent in the service sector .","The statistic shows the distribution of employment in Norway by economic sector from 2009 to 2019 . In 2019 , 2.02 percent of the employees in Norway were active in the agricultural sector , 19.09 percent in industry and 78.89 percent in the service sector .","Employment by economic sector in Norway 2019","incorrect x-axis","correct","incorrect x-axis","incorrect x-axis","false","false","false","false","false","false","false","false","false","false","false","false","false","true","true","true","true","false","false","false","false","false","incorrect x-axis","true","false"
"3ROUCZ907F1SBME3LE81D8OMEKMOOI","3EH3OJYIRZ5ZTNWNBAIXZJVBAX7YAA","Evaluate the quality of a summary for a chart","A short survey to evaluate the quality of a summary for a chart","survey, chart, summary, evaluation, machine learning, nlp, ml, ai, artificial intelligence","$0.08","Wed Aug 26 09:33:58 PDT 2020","1","BatchId:4164691;OriginalHitTemplateId:928390912;","3600","604800","Wed Sep 02 09:33:58 PDT 2020","","","3WJ1OXY92BO3BAVGUGJO4BA3MN48AW","A23BGNP50WTKI2","Submitted","Wed Aug 26 13:44:10 PDT 2020","Wed Aug 26 13:45:03 PDT 2020","Wed Sep 02 13:45:03 PDT 2020","","","","53","100% (2/2)","100% (2/2)","100% (2/2)","https://chart2text.s3.amazonaws.com/321.png","This statistic shows the Distribution of the gross domestic product ( GDP ) across economic sectors in Cuba from 2008 to 2018 . In 2018 , Agriculture contributed around 3.78 % to the GDP of Cuba , 25.12 % came from the Industry and 69.97 % from the service sector .","This line chart has 3 lines. The line representing Services had the highest values across Year with a mean value of 72.0. This peaked at 2011 with a value of 73.0.  The line with the second highest values was Industry with a mean value of 23.0. This line peaked at 2018 with a value of 25.1","This statistic shows the share of economic sectors in the gross domestic product ( gdp ) in bangladesh from 2008 to 2018 . In 2018 , the share of agriculture in bangladesh 's gross domestic product was around 7.54 percent , industry contributed approximately 38.3 percent and the services sector contributed about 52.96 percent .","This statistic shows the distribution of the gross domestic product ( GDP ) across economic sectors in Cuba from 2008 to 2018 . In 2018 , agriculture contributed around 3.78 percent to the GDP of Cuba , 25.12 percent came from the industry and 69.97 percent from the services sector .","Distribution of gross domestic product ( GDP ) across economic sectors Cuba 2018","incorrect x-axis","correct","incorrect x-axis","incorrect x-axis","false","false","false","false","false","false","false","false","false","true","false","true","true","false","true","false","false","false","false","false","false","false","incorrect x-axis","true","false"
"3JU8CV4BRLJAWMQ40ELG28TCOPIOPZ","3EH3OJYIRZ5ZTNWNBAIXZJVBAX7YAA","Evaluate the quality of a summary for a chart","A short survey to evaluate the quality of a summary for a chart","survey, chart, summary, evaluation, machine learning, nlp, ml, ai, artificial intelligence","$0.08","Wed Aug 26 09:33:58 PDT 2020","1","BatchId:4164691;OriginalHitTemplateId:928390912;","3600","604800","Wed Sep 02 09:33:58 PDT 2020","","","3Z4GS9HPNWIHSUSZD8FYGKCIAVN77C","A23BGNP50WTKI2","Submitted","Wed Aug 26 13:28:12 PDT 2020","Wed Aug 26 13:29:46 PDT 2020","Wed Sep 02 13:29:46 PDT 2020","","","","94","100% (2/2)","100% (2/2)","100% (2/2)","https://chart2text.s3.amazonaws.com/96.png","The statistic shows the distribution of Employment in Sweden by economic sector from 2009 to 2019 . In 2019 , 1.79 % of the employees in Sweden were active in the agricultural sector , 17.81 % in Industry and 80.39 % in the service sector .","This line chart has 3 lines. The line representing Services had the highest values across Year with a mean value of 79.1. This peaked at 2019 with a value of 80.3.  The line with the second highest values was Industry with a mean value of 18.8. This line peaked at 2009 with a value of 20.1","The statistic shows the distribution of employment in bhutan by economic sector from 2009 to 2019 . In 2019 , 33.5 percent of the employees in bhutan were active in the agricultural sector , 15.66 percent in industry and 67.94 percent in the service sector .","The statistic shows the distribution of employment in Sweden by economic sector from 2009 to 2019 . In 2019 , 1.79 percent of the employees in Sweden were active in the agricultural sector , 17.81 percent in industry and 80.39 percent in the service sector .","Employment by economic sector in Sweden 2019","incorrect x-axis","correct","incorrect x-axis","incorrect x-axis","false","false","false","false","false","false","false","false","false","false","false","false","false","true","true","true","true","false","false","false","false","false","incorrect x-axis","true","false"
"34HEO7RUG6166VCI3NKN689M0Q2RAV","3EH3OJYIRZ5ZTNWNBAIXZJVBAX7YAA","Evaluate the quality of a summary for a chart","A short survey to evaluate the quality of a summary for a chart","survey, chart, summary, evaluation, machine learning, nlp, ml, ai, artificial intelligence","$0.08","Wed Aug 26 09:33:58 PDT 2020","1","BatchId:4164691;OriginalHitTemplateId:928390912;","3600","604800","Wed Sep 02 09:33:58 PDT 2020","","","3BDCF01OGY2ZMZD24B68C2EG9E2YLE","A23BGNP50WTKI2","Submitted","Wed Aug 26 13:34:11 PDT 2020","Wed Aug 26 13:35:17 PDT 2020","Wed Sep 02 13:35:17 PDT 2020","","","","66","100% (2/2)","100% (2/2)","100% (2/2)","https://chart2text.s3.amazonaws.com/991.png","The statistic shows the number of Senate composition from 116th Congress 2019 to 98th Congress 1983 . In 98th Congress 1983 , there were a Democrat of 46 unprovoked Senate on humans composition . 54 of these unprovoked Senate were Republican .","This line chart has 3 lines. The line representing Republican had the highest values across Year with a mean value of 49.7. This peaked at 109th Congress 2005 with a value of 55.0.  The line with the second highest values was Democrat with a mean value of 49.3. This line peaked at 103d Congress 1993 with a value of 57.0","This statistic shows the number of pay tv and IPTV subscribers in germany from 2006 to 2013 . In the most recent measured period , the number of online users that year with roughly 4.86 million .","This graph shows the composition of the U.S. Senate by political party affiliation since 1983 . The 116th Congress consists of 45 Democratic and 53 Republican senators .","U.S. Senate - composition by political party affiliation 1983 to 2019","incorrect x-axis","correct","incorrect x-axis","incorrect x-axis","false","false","false","false","false","false","false","false","false","true","false","true","true","false","true","false","false","false","false","false","false","false","incorrect x-axis","true","false"
"3W0XM68YZP2OP3MNHKIXUVU5142K17","3EH3OJYIRZ5ZTNWNBAIXZJVBAX7YAA","Evaluate the quality of a summary for a chart","A short survey to evaluate the quality of a summary for a chart","survey, chart, summary, evaluation, machine learning, nlp, ml, ai, artificial intelligence","$0.08","Wed Aug 26 09:33:58 PDT 2020","1","BatchId:4164691;OriginalHitTemplateId:928390912;","3600","604800","Wed Sep 02 09:33:58 PDT 2020","","","3OF2M9AATHWO7J5PFXWQB9A3Q86KZT","A23BGNP50WTKI2","Submitted","Wed Aug 26 13:50:14 PDT 2020","Wed Aug 26 13:51:10 PDT 2020","Wed Sep 02 13:51:10 PDT 2020","","","","56","100% (2/2)","100% (2/2)","100% (2/2)","https://chart2text.s3.amazonaws.com/945.png","This forecast shows the number of Qdoba in from 2011 to 2017 . For 2015 , the number of Qdoba in is estimated to reach 339 million , and could reach almost 341 million by 2017 . The number of Qdoba worldwide is predicted to rise around 2.32 million in 2015 and could increase to 2.71 million by 2017 .","This line chart has 2 lines. The line representing Franchise had the highest values across Year with a mean value of 329.7. This peaked at 2017 with a value of 341.0.  The line with the second highest values was Company-owned with a mean value of 320.1. This line peaked at 2017 with a value of 385.0","This statistic shows the number of Major League Baseball players in the united from 2014 to 2017 . In 2017 , the number of participants ( aged six years and older ) in the united kingdom ( uk ) and the number of individuals has been quite stable with a flu on the previous year .","Fast casual restaurant chain Qdoba Mexican Eats had a total of 726 restaurants in 2017 . Of these , 385 were company-owned restaurants and 341 were franchised . This figure steadily increased over the course of the last four years , reaching its peak in 2017 .","Number of Qdoba restaurants from 2011 to 2017","all is correct","all is correct","all is correct","all is correct","false","false","false","false","false","false","false","false","false","false","false","false","false","false","false","false","false","true","true","true","true","false","all is correct","false","true"
"36JW4WBR06RODSFNIYUL65I7AXHHF1","3EH3OJYIRZ5ZTNWNBAIXZJVBAX7YAA","Evaluate the quality of a summary for a chart","A short survey to evaluate the quality of a summary for a chart","survey, chart, summary, evaluation, machine learning, nlp, ml, ai, artificial intelligence","$0.08","Wed Aug 26 09:33:58 PDT 2020","1","BatchId:4164691;OriginalHitTemplateId:928390912;","3600","604800","Wed Sep 02 09:33:58 PDT 2020","","","3U5JL4WY5LHEOMG7TNLP775WLLWX4V","A23BGNP50WTKI2","Submitted","Wed Aug 26 12:41:10 PDT 2020","Wed Aug 26 12:55:43 PDT 2020","Wed Sep 02 12:55:43 PDT 2020","","","","873","100% (2/2)","100% (2/2)","100% (2/2)","https://chart2text.s3.amazonaws.com/230.png","The Sears stores of Full-line stores on the road in the European Union was 547 years . Between 2011 and 2017 , the stores of the continent 's fleet steadily progressed , with the oldest motor United being Specialty stores units . As of 2017 , the European Union housed 264.2 million registered Full-line stores .","This line chart has 2 lines. The line representing Full-line stores had the highest values across Year with a mean value of 724.9. This peaked at 2011 with a value of 867.0.  The line with the second highest values was Specialty stores with a mean value of 220.7. This line peaked at 2011 with a value of 1338.0","This statistic shows the number of smartphone users in the united from 2009 to 2017 , by type . In 2017 , the coal-mining factory had approximately 25 million people in the united .","Sears Domestic operated about 547 full-line stores throughout the Unites States in 2017 . Sears Holdings is an American retailer , which operates through two well-known retail brands , Kmart and Sears . Sears Holdings has a significant number of Kmart and Sears Domestic stores in operation around the world .","Number of Sears stores in the United States 2011 - 2017 , by type","incorrect figures","correct","incorrect figures","incorrect figures","true","false","false","false","true","true","false","true","false","false","false","false","false","false","true","false","false","false","false","false","false","false","incorrect figures","false","false"